timestamp,latency_ms,throughput_mbps,packet_delivery_ratio,gold_class_latency,silver_class_latency,bronze_class_latency
0.0,27.483570765056164,159.51004486758276,0.9912286395373381,19.238499535539315,30.231927841561784,41.22535614758425
0.1001669449081803,24.308678494144075,182.14043213209607,0.9851754377581227,17.01607494590085,26.739546343558484,36.46301774121611
0.2003338898163606,28.23844269050346,130.35739431307556,0.9784858676988971,19.766909883352422,31.06228695955381,42.35766403575519
0.3005008347245409,32.61514928204013,162.14269498033735,0.9841646144475614,22.830604497428087,35.876664210244144,48.92272392306019
0.4006677796327212,23.829233126383322,158.641585936419,0.9830104447627445,16.680463188468323,26.212156439021655,35.743849689574986
0.5008347245409015,25.996596296917446,183.18135008714657,0.9931156021365511,18.19761740784221,28.596255926609192,38.99489444537617
0.6010016694490818,36.52532483603567,143.95040348491258,0.9743980679186879,25.56772738522497,40.177857319639244,54.787987254053505
0.7011686143572621,34.70232905645748,130.54078348589985,0.9644388550430885,24.291630339520236,38.17256196210323,52.05349358468622
0.8013355592654424,31.80006226595749,111.5286373076609,0.9662012219094538,22.26004358617024,34.980068492553244,47.70009339893623
0.9015025041736228,41.48101023887991,118.01559133294201,0.9544484331514852,29.036707167215937,45.62911126276791,62.22151535831986
1.001669449081803,42.68217900643119,170.44997852454014,0.9242915315022662,29.87752530450183,46.950396907074314,64.02326850964678
1.1018363939899833,50.70690337597836,134.15105398148455,0.923772375096119,35.49483236318485,55.777593713576195,76.06035506396753
1.2020033388981637,64.13803971572659,132.22776959475325,0.903136160830147,44.89662780100861,70.55184368729925,96.20705957358989
1.302170283806344,64.95288988804117,145.39308595322078,0.8755226991195466,45.46702292162882,71.44817887684529,97.42933483206176
1.4023372287145242,78.76967958641245,121.02410790669177,0.8655672953782745,55.138775710488716,86.6466475450537,118.15451937961868
1.5025041736227045,98.05914127378797,112.85295797078832,0.8204020461938943,68.64139889165158,107.86505540116679,147.08871191068195
1.6026711185308848,108.97079354938157,68.21606418897397,0.8064862878931379,76.2795554845671,119.86787290431974,163.45619032407234
1.7028380634390652,127.4050172317431,122.80209760663813,0.8,89.18351206222016,140.14551895491743,191.10752584761465
1.8030050083472455,130.66708874059248,77.51988558763496,0.8,91.46696211841473,143.73379761465173,196.0006331108887
1.9031719532554257,134.18297159947923,93.93434601935951,0.8,93.92808011963545,147.60126875942717,201.27445739921885
2.003338898163606,150.6577815052583,96.75428291683428,0.8,105.46044705368081,165.72355965578413,225.98667225788745
2.1035058430717863,140.11560860372302,82.42523945196909,0.8,98.0809260226061,154.12716946409535,210.17341290558454
2.2036727879799667,135.54485014163814,88.49126242365985,0.8,94.88139509914669,149.09933515580195,203.31727521245722
2.303839732888147,118.71003963769945,101.50887783046555,0.8,83.09702774638961,130.58104360146942,178.0650594565492
2.4040066777963274,111.31303552842778,87.8398577422291,0.8013540220607376,77.91912486989943,122.44433908127056,166.96955329264165
2.5041736227045077,101.42519186854217,127.34833879897649,0.8394912354082525,70.99763430797951,111.5677110553964,152.13778780281325
2.604340567612688,81.6393008618661,122.8550498409911,0.8582276549815807,57.147510603306266,89.80323094805273,122.45895129279916
2.704507512520868,76.39778120305851,96.6711107203161,0.8878410872985001,53.478446842140954,84.03755932336438,114.59667180458777
2.8046744574290483,59.92503490830239,99.32329850013761,0.880386883173281,41.94752443581167,65.91753839913264,89.88755236245359
2.9048414023372287,51.577083394863266,147.9223571458858,0.9299113894586403,36.103958376404286,56.7347917343496,77.36562509229489
3.005008347245409,41.990734409346516,119.12825257136242,0.9323845829966769,29.39351408654256,46.18980785028117,62.98610161401977
3.1051752921535893,48.02960094349478,142.51780087220558,0.9555623528039313,33.620720660446345,52.83256103784426,72.04440141524216
3.2053422370617697,34.07994807194258,153.65410144000273,0.9614107842996406,23.855963650359804,37.487942879136845,51.11992210791387
3.30550918196995,25.576600765913433,129.61309339395748,0.9910530194702304,17.903620536139403,28.13426084250478,38.364901148870146
3.4056761268781304,32.74198531901466,177.60235033210083,0.9782084317206613,22.91938972331026,36.01618385091613,49.11297797852199
3.5058430717863107,18.895781750144888,113.25115975677316,0.9788737617073722,13.22704722510142,20.78535992515938,28.34367262521733
3.606010016694491,26.044317975023777,148.75094481945396,0.9649030724074644,18.231022582516644,28.648749772526156,39.06647696253567
3.7061769616026714,15.201649380601122,144.33923188535627,0.981211469018499,10.641154566420784,16.721814318661234,22.80247407090168
3.8063439065108513,18.359069755507846,158.15061481553593,0.9882322887834682,12.851348828855492,20.19497673105863,27.53860463326177
3.9065108514190316,25.984306179345616,146.7751201264232,0.9791944810818077,18.18901432554193,28.58273679728018,38.97645926901842
4.006677796327212,28.692332899977053,118.12198177514117,0.9749434364006255,20.084633029983937,31.561566189974762,43.038499349965576
4.106844741235393,25.85684140594985,171.4230243497134,0.9742741333615368,18.099788984164896,28.44252554654484,38.785262108924776
4.207011686143573,24.421758588058797,172.61513231041363,0.9853514143545532,17.095231011641157,26.86393444686468,36.6326378820882
4.307178631051753,23.494481522053555,165.9512527311564,0.9875938793930915,16.446137065437487,25.843929674258913,35.241722283080335
4.407345575959933,17.607390048162863,176.6666577261437,0.9936121011532112,12.325173033714004,19.36812905297915,26.411085072244294
4.507512520868113,21.400778958026457,158.0089408074105,0.9700500010678964,14.980545270618519,23.540856853829105,32.10116843703969
4.607679465776294,22.696806145201062,132.9017853877812,0.9852597755841761,15.887764301640743,24.96648675972117,34.04520921780159
4.707846410684474,30.285611131094576,152.33294256762335,0.9787829604558214,21.199927791766203,33.31417224420404,45.42841669664186
4.808013355592655,26.71809144784231,117.96582523710813,0.9790776579536672,18.702664013489613,29.389900592626542,40.07713717176346
4.908180300500835,16.18479922318633,157.47329744156474,0.98401825854034,11.329359456230431,17.803279145504966,24.277198834779497
5.008347245409015,26.620419846973974,178.54188302268756,0.9840765625362494,18.63429389288178,29.282461831671373,39.93062977046096
5.108514190317195,23.074588597918417,142.33964851118947,0.9852876810579158,16.15221201854289,25.38204745771026,34.611882896877624
5.208681135225376,22.718346086411195,168.86653258600538,0.9672193759021599,15.902842260487835,24.990180695052317,34.07751912961679
5.308848080133556,29.757471239991737,174.53797246166363,0.9691037063367606,20.830229867994216,32.733218363990915,44.63620685998761
5.409015025041736,32.70858732805044,112.6382880128824,0.9897515033240355,22.89601112963531,35.97944606085549,49.06288099207566
5.509181969949917,33.400631201666165,132.08959276757892,0.9703058141130212,23.380441841166313,36.740694321832784,50.10094680249925
5.609348914858097,26.160037789417565,153.01109482065866,0.9723478931691174,18.312026452592296,28.776041568359325,39.240056684126344
5.709515859766277,30.929013287021924,146.57826734463418,0.9755965127878758,21.650309300915346,34.02191461572412,46.39351993053289
5.809682804674457,36.834191175099335,140.8728884630572,0.9642786826874451,25.783933822569534,40.51761029260927,55.251286762649
5.909849749582638,43.39768097768338,154.05261941018557,0.9584253156255772,30.378376684378363,47.73744907545172,65.09652146652508
6.010016694490818,40.12558200189799,148.08957726154966,0.9539028704101887,28.08790740132859,44.13814020208779,60.18837300284699
6.110183639398999,46.22517034567426,150.62441168512456,0.9145264319330433,32.35761924197198,50.84768738024169,69.33775551851139
6.210350584307179,46.79519523906485,169.59799381474392,0.9204467582302046,32.7566366673454,51.474714762971345,70.19279285859727
6.3105175292153595,51.905250394477875,164.3820210456166,0.9189134909352334,36.33367527613451,57.09577543392567,77.8578755917168
6.410684474123539,67.6741030104969,133.2137273745158,0.9166534952735247,47.37187210734783,74.4415133115466,101.51115451574536
6.510851419031719,76.00892946890522,110.48121297180175,0.8922054969444555,53.206250628233654,83.60982241579575,114.01339420335783
6.6110183639399,74.06528028111418,142.5977195569921,0.8727021736044073,51.845696196779926,81.47180830922561,111.09792042167128
6.71118530884808,83.90431721313011,135.597262070367,0.864045834056555,58.73302204919108,92.29474893444313,125.85647581969516
6.811352253756261,84.1259795949358,153.43982287673543,0.8742030130951355,58.888185716455055,92.53857755442938,126.18896939240369
6.911519198664441,81.2548846465526,155.8227072384218,0.8588612973369246,56.878419252586816,89.38037311120786,121.8823269698289
7.011686143572621,87.02633999691398,167.71863070125758,0.8594892756033529,60.91843799783978,95.72897399660538,130.53950999537096
7.111853088480801,92.17066625190807,111.8026224117595,0.8671893350985667,64.51946637633564,101.38773287709888,138.2559993778621
7.212020033388982,82.13866927414787,153.50534280307124,0.836349164233669,57.497068491903505,90.35253620156267,123.20800391122181
7.312186978297162,86.70987100274003,144.3241487284484,0.8922303696677408,60.69690970191802,95.38085810301403,130.06480650411004
7.412353923205343,61.32660536856713,112.02794880972961,0.8738385998714576,42.92862375799699,67.45926590542385,91.9899080528507
7.512520868113523,73.33724184792723,164.35933592158358,0.8939639050426335,51.33606929354906,80.67096603271996,110.00586277189085
7.612687813021703,64.04670923971678,180.73375405609167,0.8857300820679854,44.83269646780174,70.45138016368846,96.07006385957516
7.712854757929883,56.39124676255189,121.74182669751116,0.9100020218661872,39.473872733786315,62.03037143880708,84.58687014382784
7.813021702838063,52.785673991772505,180.4257797190774,0.9377931402454609,36.94997179424075,58.06424139094976,79.17851098765875
7.913188647746244,37.215620655988886,153.532633104054,0.9165313977453544,26.05093445919222,40.937182721587774,55.82343098398333
8.013355592654424,41.423093751936875,185.5857875819481,0.9562190944896426,28.99616562635581,45.565403127130566,62.13464062790531
8.113522537562604,40.30551819963031,126.60961084331981,0.950223128353533,28.213862739741217,44.33607001959335,60.45827729944547
8.213689482470786,42.5673442417891,116.51119776553422,0.9645158963660388,29.797140969252368,46.82407866596802,63.85101636268365
8.313856427378965,29.883724074909757,105.36388632280809,0.9716250938022951,20.918606852436827,32.872096482400735,44.82558611236463
8.414023372287145,26.31365739106482,160.0303330845714,0.9737019641838477,18.41956017374537,28.945023130171304,39.47048608659723
8.514190317195325,26.23544538816249,166.29151979694817,0.9638620322715213,18.36481177171374,28.85898992697874,39.353168082243734
8.614357262103505,32.13060030408106,145.4177142381942,0.9712473291035084,22.491420212856738,35.343660334489165,48.195900456121585
8.714524207011687,28.34284534408582,155.6029694627351,0.961986258635917,19.83999174086007,31.177129878494405,42.51426801612873
8.814691151919867,22.351198981164806,114.03521756531893,0.9849179633158808,15.645839286815363,24.58631887928129,33.52679847174721
8.914858096828047,27.56633716556678,178.56387211734065,0.9970205515401592,19.296436015896745,30.32297088212346,41.34950574835017
9.015025041736227,25.4853877467402,156.03195016424974,0.9617555911332354,17.83977142271814,28.033926521414223,38.2280816201103
9.115191986644408,29.843224952664446,215.67965881950983,0.9723835409386197,20.890257466865112,32.8275474479309,44.76483742899667
9.215358931552588,21.489734530613237,164.7739101164293,0.9781822472411706,15.042814171429265,23.638707983674564,32.23460179591986
9.315525876460768,23.361689267011158,154.99728429023244,0.9817334142371356,16.35318248690781,25.697858193712275,35.04253390051674
9.415692821368948,23.039459234339212,139.0690549223863,0.9887917630143442,16.127621464037446,25.343405157773134,34.55918885150882
9.51585976627713,17.682425259339407,114.79138301830926,0.9784780001964233,12.377697681537585,19.45066778527335,26.52363788900911
9.61602671118531,26.48060138532288,152.03081615986935,0.9768404127355435,18.536420969726016,29.128661523855172,39.72090207798432
9.71619365609349,26.305276360899448,126.44064780338535,0.9910313070606974,18.413693452629612,28.935803996989396,39.45791454134917
9.81636060100167,25.025567283212304,167.44102681379954,0.986619955670633,17.51789709824861,27.528124011533535,37.53835092481846
9.91652754590985,23.827064333124266,156.5817045940741,0.9853897797570109,16.678945033186984,26.209770766436694,35.7405964996864
10.01669449081803,17.92314628974793,155.64846648120053,0.9811251571158811,12.54620240282355,19.715460918722723,26.884719434621893
10.11686143572621,22.896773386173205,154.77458097920334,0.9898315221091986,16.02774137032124,25.18645072479053,34.345160079259806
10.21702838063439,23.286427417366152,149.3006211178469,0.9734369060876973,16.300499192156305,25.615070159102768,34.929641126049226
10.31719532554257,20.988613653891903,172.83279974079943,0.9720730571781392,14.69202955772433,23.087475019281097,31.482920480837855
10.417362270450752,24.193571441669953,163.773009778342,0.9874610098686932,16.935500009168965,26.61292858583695,36.29035716250493
10.517529215358932,27.020254284072692,203.80095978904146,0.9637496403075309,18.91417799885088,29.722279712479963,40.53038142610904
10.617696160267112,34.43092950605265,139.23549289981844,0.9809217950963649,24.101650654236852,37.87402245665792,51.646394259078974
10.717863105175292,25.872889064159196,144.23777514807182,0.9768344164773749,18.111022344911436,28.460177970575117,38.809333596238794
10.818030050083472,26.28775195361382,173.26204808166312,0.9659424526934705,18.401426367529673,28.916527148975206,39.43162793042073
10.918196994991654,24.627770421169163,128.47234122251007,0.9706873242028373,17.239439294818414,27.090547463286082,36.94165563175375
11.018363939899833,15.406143923504793,186.83541304325468,0.9789102390770464,10.784300746453354,16.946758315855273,23.10921588525719
11.118530884808013,24.867430622753915,144.98062170115531,0.9903396325649902,17.40720143592774,27.35417368502931,37.30114593413087
11.218697829716193,25.301151049705133,104.63981089832619,0.9734704200874219,17.710805734793592,27.83126615467565,37.951726574557696
11.318864774624375,38.755064980792994,132.6535281155036,0.9892561051623168,27.128545486555094,42.6305714788723,58.13259747118949
11.419031719532555,26.059211146449268,123.2516983666955,0.9765897603348555,18.241447802514486,28.665132261094197,39.0888167196739
11.519198664440735,29.30195101142624,105.03394978820687,0.9875154184221834,20.511365707998365,32.23214611256887,43.95292651713936
11.619365609348915,28.629094626799464,122.65116565822493,0.9663497769615482,20.040366238759624,31.492004089479412,42.9436419401992
11.719532554257096,24.250515107588654,172.88172387160517,0.9693240935275736,16.975360575312056,26.67556661834752,36.37577266138298
11.819699499165276,37.430753840328265,162.55234624976214,0.9702515564978637,26.201527688229785,41.17382922436109,56.1461307604924
11.919866444073456,37.477132351598144,175.23558952664737,0.9607699609962563,26.2339926461187,41.22484558675796,56.215698527397215
12.020033388981636,40.09209412567385,176.68945837468127,0.9672563726905351,28.064465887971696,44.10130353824124,60.13814118851078
12.120200333889816,34.45790028322951,165.28907512201323,0.9299146876326909,24.120530198260656,37.90369031155247,51.686850424844266
12.220367278797998,49.34912001098564,153.76323709026386,0.9695537584752891,34.54438400768994,54.284032012084204,74.02368001647845
12.320534223706177,39.1117278116171,98.62279049682722,0.9463357798187946,27.37820946813197,43.02290059277881,58.66759171742565
12.420701168614357,53.26443588682428,133.29595948596506,0.927604380874004,37.285105120777,58.59087947550671,79.89665383023642
12.520868113522537,65.85415733888334,125.92912463361472,0.9146730248445596,46.097910137218335,72.43957307277168,98.78123600832501
12.621035058430719,54.79263484272315,118.15116583976193,0.9018451609487612,38.354844389906205,60.271898326995476,82.18895226408473
12.721202003338899,61.908810816652434,121.91506009087347,0.9069755558123648,43.3361675716567,68.09969189831769,92.86321622497866
12.821368948247079,70.23898766601202,149.25382747288015,0.9004683550067758,49.16729136620841,77.26288643261323,105.35848149901804
12.921535893155259,72.0632570509904,91.8839975388733,0.8792134680755581,50.44427993569328,79.26958275608945,108.09488557648561
13.021702838063439,71.32935928178975,149.9673756000495,0.8829045512555442,49.93055149725282,78.46229520996873,106.99403892268462
13.12186978297162,83.41141264962025,150.3974995247136,0.8547902039812085,58.38798885473417,91.75255391458228,125.11711897443037
13.2220367278798,81.05925209163321,116.05974705526381,0.8464203501796042,56.74147646414325,89.16517730079654,121.58887813744983
13.32220367278798,91.21178587675698,107.44121643026779,0.8704457646052933,63.84825011372988,100.33296446443268,136.81767881513548
13.42237061769616,85.7781160153844,93.79915150929756,0.8551606117622785,60.04468121076908,94.35592761692284,128.6671740230766
13.522537562604342,98.64350035276334,87.2993590487625,0.862180825362782,69.05045024693433,108.50785038803969,147.965250529145
13.622704507512521,86.45897072487223,146.40772527845746,0.8407101285430162,60.521279507410554,95.10486779735946,129.68845608730834
13.722871452420701,87.23351614255267,136.25820659111494,0.8430770986351506,61.063461299786866,95.95686775680795,130.850274213829
13.823038397328881,90.43835674711208,96.02664950772095,0.8536723654848971,63.306849722978455,99.4821924218233,135.65753512066811
13.923205342237061,76.91427619342033,107.55898499494869,0.8556222160334297,53.83999333539423,84.60570381276237,115.3714142901305
14.023372287145243,80.21997611014106,134.48140657330256,0.8788882992280437,56.15398327709874,88.24197372115518,120.32996416521159
14.123539232053423,81.11634909298354,114.93107021946577,0.8733274687875927,56.781444365088475,89.2279840022819,121.67452363947531
14.223706176961603,61.70331466776768,75.97677430139223,0.8788018397381794,43.192320267437374,67.87364613454446,92.55497200165152
14.323873121869783,65.66346875732782,127.80618102711564,0.9019395551932198,45.96442813012947,72.22981563306061,98.49520313599173
14.424040066777964,61.04473043961871,179.01560528062296,0.8976095053049947,42.731311307733094,67.14920348358059,91.56709565942806
14.524207011686144,58.810993568719994,117.57987883126196,0.9022016022655792,41.167695498103996,64.692092925592,88.21649035307999
14.624373956594324,44.14539686343252,134.76337019203237,0.9306722715029668,30.90177780440276,48.55993654977577,66.21809529514877
14.724540901502504,39.51870006015713,126.95615478813251,0.9202658333187408,27.66309004210999,43.47057006617285,59.278050090235695
14.824707846410686,44.94485628438963,148.51730211889844,0.953082497050344,31.46139939907274,49.439341912828596,67.41728442658444
14.924874791318866,40.48976092336914,142.28177214998456,0.9380369876230655,28.342832646358396,44.538737015706054,60.734641385053706
15.025041736227045,37.389398642188,132.02746297370484,0.9353193933548853,26.1725790495316,41.1283385064068,56.084097963282
15.125208681135225,35.44970823564914,114.95724785422351,0.9596270991222635,24.814795764954397,38.99467905921406,53.17456235347371
15.225375626043405,28.31651615986071,183.30346756621117,0.9680126654974585,19.821561311902496,31.148167775846787,42.47477423979107
15.325542570951587,31.255173781491337,113.65317141626086,0.9747269400454468,21.878621647043936,34.38069115964047,46.882760672237005
15.425709515859767,30.268015841819086,150.3346284241885,0.9741148500395072,21.187611089273357,33.294817426000996,45.40202376272863
15.525876460767947,24.222457209626338,111.6116962546294,0.9638184451893061,16.955720046738435,26.644702930588974,36.333685814439505
15.626043405676127,36.349888526078665,151.71241918075677,0.9830885798685562,25.444921968255063,39.984877378686534,54.524832789117994
15.726210350584308,27.36916460455894,189.55476335644337,0.9896013850647974,19.158415223191255,30.106081065014834,41.05374690683841
15.826377295492488,19.043482513986756,187.7206378686003,0.9679423787154446,13.330437759790728,20.947830765385433,28.565223770980133
15.926544240400668,28.28276804316915,151.9107853978128,0.9781899386134039,19.797937630218403,31.111044847486067,42.42415206475373
16.026711185308848,20.126591648863393,185.97338232947294,0.9772555997289097,14.088614154204373,22.139250813749733,30.189887473295087
16.12687813021703,28.93542301871226,199.98024807811436,0.9822038158278803,20.254796113098582,31.82896532058349,43.40313452806839
16.227045075125208,30.79297789503702,138.67658941989166,0.9779507620822588,21.555084526525913,33.872275684540725,46.18946684255553
16.32721202003339,20.89658840824145,143.9529958542099,0.9793212222792702,14.627611885769014,22.986247249065595,31.344882612362174
16.42737896494157,29.81688064622161,143.75221910232025,0.9864181553024169,20.871816452355127,32.798568710843774,44.725320969332415
16.52754590984975,27.06390463468249,145.48458126651767,0.9688614690039886,18.944733244277742,29.770295098150743,40.59585695202374
16.62771285475793,29.11030079997245,146.20106551011054,0.9873737313526082,20.377210559980714,32.021330879969696,43.665451199958675
16.72787979966611,34.48396491326974,135.48436818533645,0.9914113273153125,24.138775439288814,37.93236140459671,51.7259473699046
16.82804674457429,23.773059419985646,178.3641022185777,0.9963413499348887,16.64114159398995,26.150365361984214,35.65958912997847
16.928213689482472,21.23131917821255,153.31286965422953,0.9585663267586264,14.861923424748785,23.35445109603381,31.846978767318827
17.02838063439065,20.552427851872384,154.9606297904951,0.9781709834288478,14.386699496310667,22.607670637059623,30.828641777808578
17.128547579298832,20.920948575172808,95.74085914713217,0.9603489942564641,14.644664002620965,23.01304343269009,31.381422862759212
17.22871452420701,24.614491452929478,117.12331976770442,0.9556493631022718,17.230144017050634,27.075940598222427,36.92173717939421
17.328881469115192,26.70575987408322,163.0701375019948,0.9814409304760747,18.694031911858254,29.376335861491544,40.058639811124834
17.429048414023374,26.383453996650097,110.390957601123,0.9760084820714964,18.468417797655068,29.02179939631511,39.57518099497514
17.529215358931552,29.13591624518012,163.3254715058498,0.9829985095177074,20.39514137162608,32.04950786969813,43.70387436777018
17.629382303839733,25.065009459389536,124.89542630431622,0.9848612769008731,17.545506621572674,27.571510405328493,37.59751418908431
17.729549248747915,32.26767038578659,140.44943610690433,0.9924789595810792,22.58736927005061,35.49443742436525,48.40150557867988
17.829716193656093,23.67671583381022,138.1404729369597,0.9805392042530577,16.573701083667153,26.044387417191246,35.51507375071533
17.929883138564275,38.600845832948096,146.61924634938575,1.0,27.020592083063665,42.46093041624291,57.901268749422144
18.030050083472453,28.12833673882503,132.59305831168336,0.9830640985498521,19.68983571717752,30.941170412707535,42.19250510823755
18.130217028380635,20.714212217918586,138.4181204347678,0.9984247904456721,14.499948552543009,22.78563343971045,31.07131832687788
18.230383973288816,19.64553750969444,148.65997972887106,0.9566716219947575,13.751876256786106,21.610091260663886,29.46830626454166
18.330550918196995,27.412362076215928,155.9050642860009,0.9934973952955062,19.188653453351147,30.15359828383752,41.11854311432389
18.430717863105176,23.882686073370746,162.32734488227342,0.9781923951020444,16.71788025135952,26.27095468070782,35.82402911005612
18.530884808013354,28.57000247046046,125.45656178671959,0.9605165274057272,19.99900172932232,31.427002717506507,42.85500370569069
18.631051752921536,27.366188122867726,144.91118064203397,0.9842054510922812,19.156331686007405,30.1028069351545,41.04928218430159
18.731218697829718,24.635855436715637,153.25772911257283,0.9769704446201568,17.245098805700945,27.099440980387204,36.95378315507345
18.831385642737896,20.766031409657977,159.08411491727432,0.9858005324844814,14.536221986760582,22.842634550623778,31.149047114486965
18.931552587646078,17.425763876570677,162.1829029395635,0.9901107645755107,12.198034713599473,19.168340264227748,26.138645814856016
19.03171953255426,22.767425239664895,151.99143579048575,0.965108498832384,15.937197667765426,25.044167763631386,34.15113785949734
19.131886477462437,29.28199397161736,176.149130716561,0.9901491898245516,20.497395780132152,32.2101933687791,43.92299095742604
19.23205342237062,26.07046872065102,168.0541686813968,0.9800647948422071,18.249328104455714,28.677515592716126,39.10570308097653
19.332220367278797,18.771306106440058,175.16552212994438,0.9935284117469327,13.13991427450804,20.648436717084063,28.156959159660087
19.43238731218698,25.86590462925591,152.35397865007806,0.9779485177100213,18.106133240479135,28.4524950921815,38.79885694388386
19.53255425709516,26.926586898644185,190.719917244996,0.9752959110746857,18.84861082905093,29.619245588508605,40.389880347966276
19.63272120200334,20.580712818994336,109.17743229989874,0.9802705404068895,14.406498973296033,22.638784100893773,30.871069228491503
19.73288814691152,25.76862552972764,166.049087529677,0.9810186070637985,18.038037870809347,28.345488082700406,38.65293829459146
19.8330550918197,25.29104359223,155.64982983019678,0.9733721519850826,17.703730514561,27.820147951453002,37.936565388345
19.93322203672788,19.285148510846884,125.58128633363816,0.9750369526904471,13.499603957592818,21.213663361931573,28.92772276627033
20.03338898163606,26.788936801741418,166.9078216136588,0.967731244654862,18.75225576121899,29.467830481915563,40.18340520261213
20.13355592654424,27.80392263184117,136.23330185463638,0.975653549102098,19.462745842288818,30.58431489502529,41.705883947761755
20.23372287145242,30.415256215876383,153.06029300434264,0.9867631005999757,21.290679351113468,33.45678183746402,45.622884323814574
20.3338898163606,30.269010260174515,134.31805400447496,0.9786264582609385,21.18830718212216,33.295911286191966,45.403515390261774
20.43405676126878,18.111653160214544,162.60408086729342,0.9900906529604733,12.67815721215018,19.922818476236,27.167479740321816
20.534223706176963,20.310874800424386,149.57017334499656,0.9781457053234692,14.21761236029707,22.341962280466827,30.46631220063658
20.63439065108514,27.5751763360433,164.45846890087833,0.9656848200227668,19.30262343523031,30.332693969647632,41.36276450406495
20.734557595993323,27.568929754561044,155.16658243589833,0.9859727488755659,19.298250828192728,30.32582273001715,41.35339463184157
20.834724540901504,27.575238431530238,148.3075432192731,0.973263768589666,19.302666902071167,30.332762274683265,41.36285764729536
20.934891485809683,44.26365745327361,187.5863823744769,0.9776663271123647,30.984560217291524,48.690023198600976,66.39548617991042
21.035058430717864,27.854452553465833,138.56055910516886,0.9923757204748411,19.49811678742608,30.639897808812417,41.78167883019875
21.135225375626042,30.677828200902994,176.91425267530389,0.9683912954027848,21.474479740632095,33.745611020993294,46.01674230135449
21.235392320534224,29.770008817466014,153.3317480990518,0.9816474378746438,20.83900617222621,32.74700969921262,44.65501322619902
21.335559265442406,28.25695625652899,118.34533912825233,0.9795948164996421,19.779869379570293,31.082651882181892,42.385434384793484
21.435726210350584,23.42365377679827,175.71913242042757,0.987009257154371,16.39655764375879,25.7660191544781,35.135480665197406
21.535893155258766,28.794846102466337,134.6908802608601,0.9885515336548202,20.156392271726435,31.674330712712973,43.192269153699506
21.636060100166944,21.13587392731214,161.17227688780818,0.9826383900424889,14.795111749118497,23.249461320043356,31.70381089096821
21.736227045075125,23.815906966299956,198.42805025201588,0.976396253534196,16.67113487640997,26.197497662929955,35.72386044944993
21.836393989983307,22.573182260854484,166.86445420055304,0.9847337250402596,15.801227582598138,24.830500486939933,33.85977339128173
21.936560934891485,25.409370696931614,91.64511057208341,0.9933565589714456,17.786559487852127,27.95030776662478,38.11405604539742
22.036727879799667,36.573292833367546,173.08718284720825,0.979727100603603,25.60130498335728,40.2306221167043,54.85993925005132
22.13689482470785,15.66367403704126,212.01419164850236,0.9773274388557697,10.96457182592888,17.230041440745385,23.495511055561888
22.237061769616027,28.43130095187257,132.73514058092326,0.9838817025766798,19.901910666310798,31.274431047059828,42.64695142780885
22.33722871452421,16.936420644051744,148.2065564457004,0.9803872702036961,11.85549445083622,18.63006270845692,25.404630966077615
22.437395659432386,22.640340671052833,116.3638757150757,0.966622905760822,15.848238469736982,24.90437473815812,33.96051100657925
22.537562604340568,30.444752984836832,151.55575905729324,0.9823933080039748,21.31132708938578,33.489228283320514,45.667129477255244
22.63772954924875,25.321400095477316,189.7052450861089,0.9665323759123623,17.72498006683412,27.85354010502505,37.98210014321597
22.737896494156928,19.61127611035347,161.23949780807527,0.9837448064640845,13.727893277247427,21.572403721388817,29.4169141655302
22.83806343906511,21.42348145370016,226.85499692090926,0.9720285727559344,14.996437017590111,23.565829599070177,32.13522218055024
22.938230383973288,28.39798874467338,161.75108133863182,0.9803687480418635,19.878592121271364,31.23778761914072,42.59698311701007
23.03839732888147,21.34816684141432,113.75915351685025,0.9839059390619923,14.943716788990022,23.482983525555753,32.022250262121474
23.13856427378965,26.082292947909874,148.39342482530208,1.0,18.25760506353691,28.690522242700865,39.12343942186481
23.23873121869783,25.22785919951907,92.71097662760518,0.9874274996178692,17.659501439663348,27.75064511947098,37.8417887992786
23.33889816360601,21.741998261970913,130.02910956077568,0.9936479880974234,15.219398783379638,23.916198088168006,32.61299739295637
23.439065108514193,35.719720446626624,186.01971511708265,0.9987174781869392,25.003804312638636,39.29169249128929,53.579580669939936
23.53923205342237,28.169595111590056,156.30481982048576,0.9848925591699944,19.71871657811304,30.986554622749065,42.25439266738508
23.639398998330552,14.874287066711965,147.35228190733332,0.982856898002672,10.412000946698374,16.361715773383164,22.311430600067947
23.73956594323873,25.93227157384714,170.92797831307433,0.9693327889117378,18.152590101692997,28.525498731231856,38.898407360770705
23.839732888146912,21.69106767615806,145.6497898449547,0.9788337006759961,15.183747373310641,23.860174443773868,32.53660151423709
23.939899833055094,29.26216667398112,170.54088646806883,0.9727691227036414,20.483516671786784,32.188383341379236,43.893250010971684
24.040066777963272,21.037396307836495,150.6331625475059,0.9759894114987561,14.726177415485546,23.141135938620145,31.556094461754743
24.140233722871454,24.426317792665504,160.64756755616133,0.9987066337619247,17.09842245486585,26.868949571932056,36.63947668899826
24.24040066777963,27.524936394902287,100.6358742688611,0.9811462150919998,19.2674554764316,30.27743003439252,41.28740459235343
24.340567612687813,29.328775970850607,125.0263180663444,0.9712410042228389,20.530143179595424,32.26165356793567,43.99316395627591
24.440734557595995,18.998517964721117,145.01406611117443,0.993745334546913,13.298962575304781,20.89836976119323,28.497776947081675
24.540901502504173,23.327493820795258,143.0289933684969,0.9895527547623745,16.32924567455668,25.660243202874785,34.99124073119289
24.641068447412355,22.62527344419522,132.63371585435004,0.9900765349260039,15.837691410936653,24.887800788614744,33.93791016629283
24.741235392320533,21.73335383713144,113.29983610300843,0.959938697968976,15.213347685992007,23.906689220844584,32.60003075569716
24.841402337228715,33.82727120140548,215.82825214011078,0.9994867095772149,23.679089840983835,37.20999832154603,50.74090680210822
24.941569282136896,27.024908554804778,148.53214577914082,0.9744148525790611,18.917435988363344,29.72739941028526,40.537362832207165
25.041736227045075,18.695580228324772,162.74606416067596,0.9877795477279275,13.08690615982734,20.56513825115725,28.043370342487158
25.141903171953256,29.58930973527388,166.60433501028456,1.0,20.712516814691714,32.548240708801266,44.38396460291082
25.242070116861438,35.610780985063165,128.57176800769187,1.0,24.927546689544215,39.17185908356949,53.416171477594744
25.342237061769616,30.162326302755734,161.02400429097997,0.9702243787452731,21.113628411929014,33.17855893303131,45.2434894541336
25.442404006677798,17.403150170229935,111.8191088392853,0.9655548266299773,12.182205119160955,19.14346518725293,26.104725255344903
25.542570951585976,22.578829635668743,166.76227200321364,0.9943034659884793,15.80518074496812,24.836712599235618,33.86824445350312
25.642737896494157,31.334555745933113,123.90370289066276,0.98142055811594,21.934189022153177,34.46801132052643,47.00183361889967
25.74290484140234,21.461652671906094,137.8342652034474,0.9749911855869792,15.023156870334265,23.607817939096705,32.19247900785914
25.843071786310517,27.219097140731144,150.7785378179958,0.9862121854693905,19.0533679985118,29.94100685480426,40.82864571109671
25.9432387312187,28.873170267146683,166.43364534498232,0.9783712042254056,20.211219187002676,31.760487293861356,43.30975540072002
26.043405676126877,20.365347642109583,139.69666375170317,0.9870132413704874,14.255743349476708,22.401882406320542,30.548021463164375
26.14357262103506,24.702373219691,145.39598231219395,0.9806698180781873,17.2916612537837,27.172610541660102,37.0535598295365
26.24373956594324,8.793663299654636,140.61784938259547,0.9872238792832817,6.155564309758245,9.6730296296201,13.190494949481954
26.34390651085142,19.878061793328552,170.4911169991509,0.9710546731086361,13.914643255329986,21.86586797266141,29.817092689992826
26.4440734557596,23.7371592430342,146.48238158047576,0.9942446201313263,16.61601147012394,26.11087516733762,35.6057388645513
26.544240400667782,18.761084090175753,160.0214213354526,0.9869762337073243,13.132758863123026,20.63719249919333,28.14162613526363
26.64440734557596,33.16205651965818,174.34575494332034,0.9864629736940357,23.213439563760723,36.478262171624,49.74308477948727
26.74457429048414,17.849293110196836,97.36824315864718,0.9688233007298801,12.494505177137784,19.63422242121652,26.773939665295252
26.84474123539232,22.799777566515083,158.38840416798723,0.9969963241664425,15.959844296560556,25.079755323166594,34.19966634977263
26.9449081803005,25.653702886430455,202.69806898857016,0.9798628390063373,17.957592020501316,28.219073175073504,38.480554329645685
27.045075125208683,32.20636644533058,184.9203080654752,0.9872804886242984,22.544456511731404,35.42700308986364,48.30954966799587
27.14524207011686,17.8206892441028,146.78583651193918,0.9767717553625339,12.47448247087196,19.602758168513084,26.731033866154203
27.245409015025043,30.815818760774796,139.33166144888378,0.982608890646821,21.571073132542356,33.897400636852275,46.2237281411622
27.34557595993322,25.051165305097935,149.76152186144023,0.9829712735211941,17.535815713568553,27.55628183560773,37.5767479576469
27.445742904841403,20.092456744760245,172.9020353510651,0.9518006906799658,14.064719721332171,22.101702419236272,30.13868511714037
27.545909849749584,27.310517371316354,150.27680109393933,0.9858244812465483,19.11736215992145,30.04156910844799,40.96577605697453
27.646076794657763,25.99529847786735,164.52114779388774,0.9996534146172208,18.196708934507143,28.59482832565409,38.99294771680103
27.746243739565944,21.998915614206027,168.14321395693054,0.9853978025899196,15.399240929944218,24.19880717562663,32.99837342130904
27.846410684474122,25.349010424950094,138.7338090325094,0.9704229175111025,17.744307297465063,27.883911467445106,38.02351563742514
27.946577629382304,23.0734320156912,139.68994466489917,0.9864996156615389,16.151402410983838,25.38077521726032,34.6101480235368
28.046744574290486,25.56758672625624,165.78794435150166,0.9905948053017334,17.89731070837937,28.124345398881868,38.351380089384364
28.146911519198664,28.310653372605234,150.96468592791584,0.9851246651619039,19.817457360823663,31.14171870986576,42.46598005890785
28.247078464106846,32.93008408072676,179.77424205153613,0.9792587289356995,23.051058856508728,36.22309248879944,49.39512612109014
28.347245409015027,18.810922505865754,162.5350725190831,0.9775785077417607,13.167645754106028,20.69201475645233,28.21638375879863
28.447412353923205,35.665166873281336,121.90045609823918,0.977536902446332,24.965616811296933,39.231683560609476,53.497750309922004
28.547579298831387,15.239561002387491,149.6819584061415,0.9869777690101121,10.667692701671243,16.763517102626242,22.859341503581238
28.647746243739565,24.241074524822082,121.8945238218068,0.9659287600494038,16.968752167375456,26.665181977304293,36.36161178723312
28.747913188647747,27.941586032422883,160.05180864173667,0.9762812683914459,19.559110222696017,30.735744635665174,41.91237904863432
28.84808013355593,26.404959338675162,173.35781548239024,0.9959560982301094,18.483471537072614,29.045455272542682,39.60743900801275
28.948247078464107,21.88650240089703,156.05940097608897,0.9963419526657717,15.32055168062792,24.075152640986733,32.829753601345544
29.04841402337229,23.959388748213623,201.6846464214352,0.9652185291219834,16.771572123749536,26.355327623034988,35.93908312232043
29.148580968280466,22.534995326705836,121.29226294131865,0.9686858638873639,15.774496728694084,24.78849485937642,33.80249299005875
29.248747913188648,22.053176215278942,127.6423987731649,0.9772937942047206,15.437223350695259,24.25849383680684,33.079764322918415
29.34891485809683,29.248010485105123,131.3124343065295,0.9889258951711435,20.473607339573586,32.172811533615636,43.87201572765768
29.449081803005008,26.785077429825236,140.50935086733688,0.96172525645947,18.749554200877665,29.46358517280776,40.177616144737854
29.54924874791319,21.535452023696728,126.39104495729121,0.9794519136508252,15.074816416587709,23.6889972260664,32.30317803554509
29.64941569282137,29.497999377166252,125.57070715923884,0.9752582084342035,20.648599564016376,32.44779931488288,44.24699906574938
29.74958263772955,26.536497604383047,181.92043482949597,0.9932596467428523,18.575548323068134,29.190147364821353,39.80474640657457
29.84974958263773,29.0643105941948,144.64579189786426,0.9632309152603075,20.345017415936358,31.970741653614283,43.5964658912922
29.94991652754591,28.14814420961806,162.4469187784143,0.9809254061549362,19.703700946732642,30.96295863057987,42.22221631442709
30.05008347245409,20.855024945389637,116.77941552747247,0.976063905626514,14.598517461772746,22.9405274399286,31.282537418084456
30.150250417362273,22.199094799015153,151.76208024580507,0.9946979892627729,15.539366359310606,24.41900427891667,33.29864219852273
30.25041736227045,28.736468025616308,181.5843612442153,0.9859765264635325,20.115527617931413,31.61011482817794,43.10470203842446
30.350584307178632,28.051851327167324,160.77178050348775,0.9741418434074226,19.636295929017127,30.857036459884057,42.07777699075098
30.45075125208681,24.89549203017926,110.8896134827978,0.9885338644332908,17.42684442112548,27.38504123319719,37.34323804526889
30.550918196994992,25.58663691654391,95.66702945047328,0.9761117114669142,17.910645841580735,28.1453006081983,38.379955374815864
30.651085141903174,31.388324478942124,181.33159733025116,0.9899932971123975,21.971827135259485,34.52715692683634,47.082486718413186
30.751252086811352,22.04214305582085,136.24897494128697,0.9776292300911442,15.429500139074595,24.24635736140294,33.06321458373128
30.851419031719534,27.735486905850188,109.63204520105485,0.9905466657876876,19.41484083409513,30.509035596435208,41.60323035877528
30.951585976627715,23.98903673783053,169.23415199392318,0.9843608195512725,16.792325716481372,26.387940411613588,35.9835551067458
31.051752921535893,23.9115939838639,164.5626375477432,1.0,16.73811578870473,26.30275338225029,35.86739097579585
31.151919866444075,30.49388425993595,156.3460057044586,0.97947103994584,21.345718981955162,33.543272685929544,45.74082638990392
31.252086811352253,29.12708174494015,152.09384774478346,0.9838286229162144,20.388957221458103,32.03978991943416,43.69062261741023
31.352253756260435,29.067548180003193,128.45026513176296,0.9752057525828407,20.347283726002235,31.974302998003516,43.601322270004786
31.452420701168617,31.527394035771646,108.08018402909045,0.9800268534075478,22.06917582504015,34.680133439348815,47.29109105365747
31.552587646076795,25.105019208163796,160.05807558431587,0.9529816486585055,17.573513445714656,27.615521128980177,37.657528812245694
31.652754590984976,28.40976485647482,136.21673691232593,0.9846558401654103,19.886835399532373,31.250741342122303,42.61464728471223
31.752921535893154,23.44866621703272,130.1275428067656,0.9934287421294941,16.4140663519229,25.793532838735995,35.17299932554908
31.853088480801336,26.62083176244221,128.76858577105054,0.9839663000459935,18.634582233709548,29.282914938686435,39.93124764366332
31.953255425709518,24.349284728161578,188.14282332684346,0.9668613854202263,17.044499309713103,26.78421320097774,36.52392709224237
32.053422370617696,25.48497982496359,173.8384610155636,0.97198212847291,17.839485877474512,28.033477807459953,38.22746973744539
32.15358931552588,27.97578512718457,200.17971099069163,0.9556980787284373,19.583049589029198,30.773363639903028,41.963677690776855
32.25375626043406,20.908896583832636,158.41115609723974,0.9897892400686542,14.636227608682844,22.9997862422159,31.363344875748954
32.35392320534224,35.4619363784273,127.66590895269658,0.9699348670729042,24.823355464899112,39.00813001627004,53.19290456764095
32.454090150250416,19.96991309250149,161.0811704765236,0.9797129140978778,13.978939164751042,21.96690440175164,29.954869638752236
32.5542570951586,18.92905693606134,123.17340730500442,0.9784626242767278,13.250339855242936,20.821962629667475,28.393585404092008
32.65442404006678,30.790554367500338,104.59904788815143,0.9948772703565827,21.553388057250235,33.86960980425037,46.18583155125051
32.75459098497496,28.95831346981468,168.0044956030108,0.9808528131796573,20.270819428870276,31.85414481679615,43.43747020472202
32.85475792988314,28.120599085260775,127.21914667839519,0.9880889292010601,19.68441935968254,30.932658993786855,42.18089862789116
32.95492487479132,28.1417275463214,159.48179259663473,0.9854646376414766,19.699209282424977,30.95590030095354,42.2125913194821
33.0550918196995,24.938766135765427,159.3509861366223,0.993594114199614,17.4571362950358,27.432642749341973,37.40814920364814
33.15525876460768,20.51372814257084,140.53848153615212,0.9776087630549704,14.359609699799588,22.565100956827926,30.77059221385626
33.25542570951586,25.37902279096863,126.12399956882643,0.9986961533050451,17.76531595367804,27.916925070065496,38.06853418645294
33.35559265442404,21.61419144243944,157.7782053666137,0.9601433784360068,15.129934009707608,23.77561058668339,32.42128716365916
33.45575959933222,29.875598667088756,133.78014701379487,0.9885747349800124,20.91291906696213,32.86315853379764,44.813398000633136
33.5559265442404,24.264713092489306,157.41066805043147,0.9713338039133587,16.985299164742514,26.691184401738237,36.39706963873396
33.65609348914858,20.872514016037442,134.53683724288362,0.9750725044722005,14.610759811226208,22.95976541764119,31.308771024056163
33.75626043405676,23.393070791735035,143.0494965743266,0.9856941426690103,16.375149554214524,25.73237787090854,35.089606187602556
33.856427378964945,27.06465727137812,128.09831140041686,0.9856140204984775,18.945260089964684,29.771122998515935,40.59698590706718
33.95659432387312,22.181377235980126,156.0193759641473,0.9860642801369007,15.526964065186087,24.39951495957814,33.27206585397019
34.0567612687813,20.888898022167844,107.91863509714565,0.9661384205589476,14.62222861551749,22.97778782438463,31.333347033251766
34.15692821368948,26.218436057459563,113.2019512271805,0.9944903023127923,18.35290524022169,28.84027966320552,39.32765408618934
34.257095158597664,26.224832855543614,99.15145383992126,0.9709935288177233,18.357382998880528,28.847316141097977,39.33724928331542
34.357262103505846,22.46528412314435,150.72300752195622,0.972327129097748,15.725698886201045,24.711812535458787,33.69792618471652
34.45742904841402,22.644808471908387,130.18629905839177,0.9863789673816683,15.85136593033587,24.909289319099226,33.96721270786258
34.5575959933222,26.16024968678818,142.91913275493707,0.9771327882523876,18.312174780751725,28.776274655467002,39.24037453018227
34.657762938230384,17.75957829251338,138.2842599843768,0.9830826084056249,12.431704804759365,19.535536121764718,26.639367438770066
34.757929883138566,17.962681128117225,155.32554671477195,0.958433993033672,12.573876789682057,19.75894924092895,26.944021692175838
34.85809682804675,21.40777889373782,157.64543271761661,0.9828432444951923,14.985445225616473,23.548556783111604,32.11166834060673
34.95826377295493,23.932764241440765,137.22361732198806,0.9821783187951222,16.752934969008535,26.326040665584845,35.89914636216115
35.058430717863104,26.554537827990025,145.20839831988016,0.9749014146223571,18.588176479593017,29.20999161078903,39.831806741985034
35.158597662771285,32.37678108474776,173.33695051533732,0.9592592404023521,22.66374675932343,35.614459193222544,48.56517162712164
35.25876460767947,29.288298116010097,151.56598887318717,0.977871917385184,20.501808681207066,32.21712792761111,43.932447174015145
35.35893155258765,24.200307350182864,132.44099203582522,0.9796262614020138,16.940215145128004,26.620338085201155,36.300461025274295
35.45909849749583,24.904918960486555,131.1968914659221,0.9763277100966951,17.433443272340586,27.39541085653521,37.35737844072983
35.559265442404005,19.987353176810956,119.74515113564587,0.961638255355675,13.991147223767669,21.98608849449205,29.981029765216434
35.65943238731219,24.90743432003805,114.93836635531999,0.9959473400731691,17.435204024026632,27.398177752041857,37.361151480057075
35.75959933222037,23.55670680539931,136.38627435239573,0.9736113847205563,16.489694763779514,25.912377485939242,35.335060208098966
35.85976627712855,26.613592801690448,156.6288457082305,0.977777953370771,18.62951496118331,29.274952081859496,39.920389202535674
35.95993322203673,20.863845282238387,126.2707759148293,0.9559052567878171,14.604691697566869,22.95022981046223,31.29576792335758
36.060100166944906,27.596732571205862,139.29041456576323,0.9959485534869821,19.317712799844102,30.35640582832645,41.395098856808794
36.16026711185309,32.66369456501289,153.0428949376094,0.9753345006826594,22.86458619550902,35.930064021514184,48.995541847519334
36.26043405676127,24.456199257715713,147.83336565577895,0.9809846281707421,17.119339480401,26.901819183487287,36.68429888657357
36.36060100166945,27.008558610494706,146.85244461590278,0.9912073744481665,18.905991027346293,29.70941447154418,40.51283791574206
36.46076794657763,28.450719958555563,185.50212725130746,0.9732369579528337,19.915503970988894,31.295791954411122,42.67607993783334
36.56093489148581,22.993897640570818,200.4628023390216,0.9896324498738654,16.09572834839957,25.2932874046279,34.490846460856226
36.66110183639399,26.120462409052084,153.4550696632625,0.9593867454405886,18.284323686336457,28.732508649957296,39.18069361357813
36.76126878130217,25.062962003908975,88.79899174899259,0.9855098665757132,17.54407340273628,27.569258204299874,37.59444300586346
36.86143572621035,25.48838049274416,162.50994579849365,0.9957224216651965,17.84186634492091,28.03721854201858,38.23257073911624
36.961602671118534,21.13495108072267,109.76861469615758,0.9741958315278196,14.794465756505867,23.248446188794937,31.702426621084
37.06176961602671,25.122550871294713,186.6262471767876,0.9911888162029839,17.5857856099063,27.634805958424188,37.683826306942066
37.16193656093489,27.489991456227248,180.22278433639286,0.9983392265219379,19.242994019359074,30.238990601849974,41.23498718434087
37.26210350584307,32.25571803897521,174.9990089507085,0.9774515816194598,22.579002627282645,35.481289842872734,48.38357705846282
37.362270450751254,29.796354130426035,143.19500950658528,0.9766247171415013,20.857447891298225,32.77598954346864,44.69453119563905
37.462437395659435,35.76591228755778,140.87425945888904,0.971017062541677,25.036138601290446,39.34250351631356,53.64886843133667
37.56260434056761,21.163262185559752,155.39871249153006,0.9749026984481487,14.814283529891826,23.279588404115728,31.744893278339628
37.66277128547579,29.361603183603393,132.13611337130186,0.9718464010972738,20.553122228522373,32.297763501963736,44.04240477540509
37.76293823038397,25.91671002869176,174.17109197950379,0.9710088890157277,18.14169702008423,28.508381031560937,38.87506504303764
37.863105175292155,35.94901466608836,168.7960411795072,0.9919883529671135,25.16431026626185,39.5439161326972,53.92352199913254
37.96327212020034,20.958508573224243,160.01224016539038,0.9721007397471174,14.67095600125697,23.05435943054667,31.437762859836365
38.06343906510852,20.801390789096118,152.20077638094267,0.9825852191471962,14.560973552367281,22.88152986800573,31.202086183644177
38.16360601001669,22.00303677277989,218.20331687366652,0.9803823343521624,15.402125740945921,24.20334045005788,33.00455515916983
38.263772954924875,14.380521378450965,162.30143394086232,0.9949809456257112,10.066364964915675,15.818573516296063,21.570782067676447
38.363939899833056,22.371224891596196,97.06680719144508,0.9749684376794499,15.659857424117336,24.608347380755816,33.55683733739429
38.46410684474124,21.20433669223151,132.88958632761003,0.9838114804665432,14.843035684562057,23.324770361454664,31.806505038347268
38.56427378964942,25.75196893238104,169.39224488864645,0.987910697022761,18.026378252666728,28.327165825619147,38.62795339857156
38.664440734557594,26.708779878885796,130.39276879848975,0.9948974960732058,18.696145915220058,29.379657866774377,40.063169818328696
38.764607679465776,34.38085419607943,176.70994860579913,0.9748224665495473,24.0665979372556,37.81893961568738,51.571281294119146
38.86477462437396,29.75211919093025,169.20372904988744,0.9738210753126761,20.826483433651173,32.72733111002328,44.62817878639538
38.96494156928214,22.115481721687985,88.76855714943407,0.9693821894603994,15.480837205181588,24.327029893856785,33.17322258253198
39.06510851419032,20.50792664325821,150.01138910068843,1.0,14.355548650280745,22.55871930758403,30.761889964887313
39.165275459098496,27.459595857532527,145.1578512363942,0.9938447243818038,19.221717100272766,30.205555443285782,41.189393786298794
39.26544240400668,18.398833964896788,122.51043410669755,0.9795779860568795,12.879183775427752,20.238717361386467,27.598250947345182
39.36560934891486,34.157293829271765,155.24772631350598,0.9993143915112705,23.910105680490233,37.57302321219895,51.23594074390765
39.46577629382304,30.897200603606436,195.69686508145875,0.9789813660563434,21.628040422524503,33.986920663967084,46.345800905409654
39.56594323873122,22.654121739476476,140.39643488811384,0.9872441047143353,15.857885217633532,24.919533913424125,33.98118260921471
39.6661101836394,16.434327354545612,124.37472167526911,0.9801017190172272,11.504029148181928,18.077760090000176,24.651491031818416
39.76627712854758,31.769361870827062,182.0163190213745,0.9839780545175046,22.238553309578943,34.94629805790977,47.6540428062406
39.86644407345576,24.42730077373691,158.4018978841805,0.9829176144253354,17.099110541615836,26.870030851110602,36.64095116060537
39.96661101836394,31.189081559867308,147.2601905413248,0.9757501462662335,21.832357091907113,34.30798971585404,46.783622339800964
40.06677796327212,17.027861706028165,137.3811509168922,0.9909249853808535,11.919503194219715,18.730647876630982,25.54179255904225
40.1669449081803,22.003124885231134,110.43188486511747,0.9871595241768389,15.402187419661793,24.203437373754248,33.0046873278467
40.26711185308848,25.026218498590914,122.30945653657207,0.9902769459350148,17.51835294901364,27.528840348450007,37.539327747886375
40.36727879799666,25.23490296882371,165.11812239341253,0.9832022718549934,17.664432078176596,27.758393265706083,37.85235445323556
40.46744574290484,22.74967264260378,169.52196872607692,0.9709343011822287,15.924770849822645,25.02463990686416,34.12450896390567
40.567612687813025,28.114249661737492,108.70887488928466,0.997093860665577,19.679974763216244,30.925674627911246,42.17137449260624
40.6677796327212,19.661897853087027,175.72570110148015,0.9773744376643257,13.763328497160918,21.62808763839573,29.49284677963054
40.76794657762938,24.288102574893532,181.30458087199173,0.9836406702856841,17.00167180242547,26.71691283238289,36.4321538623403
40.86811352253756,25.601478158559495,139.66073833996745,0.9863538135882227,17.921034710991645,28.161625974415447,38.40221723783924
40.968280467445744,27.572194170293745,115.10307063008514,0.9835742171621762,19.300535919205622,30.32941358732312,41.35829125544062
41.068447412353926,28.55807439044445,121.97100609501571,0.9891541702123027,19.990652073311114,31.413881829488897,42.837111585666676
41.16861435726211,19.376789540810655,176.72010251802422,0.990733779223165,13.563752678567457,21.314468494891724,29.065184311215983
41.26878130217028,17.32942914632189,153.1479069674322,0.9777516649695275,12.130600402425321,19.06237206095408,25.994143719482835
41.368948247078464,31.388384109492545,120.75443925474696,0.9962546734195564,21.97186887664478,34.5272225204418,47.082576164238816
41.469115191986646,26.661570059897958,189.27803234429823,0.9773309644583873,18.663099041928568,29.327727065887757,39.99235508984694
41.56928213689483,21.25756731721723,184.85694156999475,0.9833674904888079,14.88029712205206,23.383324048938956,31.886350975825845
41.66944908180301,32.75575987761262,136.1298795705778,0.9761232181639576,22.92903191432883,36.03133586537388,49.13363981641893
41.769616026711184,25.578373171464293,145.92963614881705,0.9732652647734921,17.904861220025005,28.136210488610725,38.36755975719644
41.869782971619365,30.896485920319133,152.40280706720137,0.9904419108879087,21.627540144223392,33.98613451235105,46.3447288804787
41.96994991652755,28.15946554138057,151.52464870331946,1.0,19.711625878966398,30.975412095518628,42.239198312070855
42.07011686143573,39.46833247743308,161.64567399803752,0.9680532154107506,27.627832734203153,43.415165725176394,59.20249871614962
42.17028380634391,39.79495918808358,165.63850303439523,0.9801167057950456,27.856471431658505,43.77445510689194,59.69243878212537
42.270450751252085,32.27109953627946,165.40002502276081,0.9597090463156485,22.58976967539562,35.49820948990741,48.40664930441919
42.37061769616027,41.65713619601473,174.83073984663628,0.9562965873489541,29.15999533721031,45.82284981561621,62.4857042940221
42.47078464106845,44.23507979210259,175.04915797911448,0.965559437633963,30.96455585447181,48.65858777131285,66.35261968815388
42.57095158597663,53.1094812274014,114.61441103026404,0.9267320002697675,37.17663685918098,58.420429350141546,79.6642218411021
42.67111853088481,47.83876612275663,137.63751012642095,0.9112916424624544,33.48713628592964,52.6226427350323,71.75814918413495
42.771285475792986,63.665814794180804,90.7986750705673,0.9086568985239912,44.56607035592656,70.03239627359889,95.49872219127121
42.87145242070117,74.23818480157337,106.35511201032116,0.8987444355447258,51.96672936110136,81.6620032817307,111.35727720236005
42.97161936560935,69.87508685026717,126.5281629693844,0.8772990971520432,48.91256079518701,76.86259553529389,104.81263027540075
43.07178631051753,83.26175740996814,129.76683267156076,0.8552506918103359,58.2832301869777,91.58793315096496,124.89263611495221
43.17195325542571,89.95128873856017,117.10033047252634,0.8300464205603945,62.96590211699211,98.94641761241618,134.92693310784026
43.27212020033389,109.8128178423122,93.35080725733496,0.8155456962407691,76.86897248961853,120.79409962654343,164.7192267634683
43.37228714524207,125.31713763009307,85.12177611866389,0.8,87.72199634106515,137.8488513931024,187.97570644513962
43.47245409015025,138.84654388045433,114.6231602493585,0.8,97.19258071631803,152.73119826849978,208.26981582068152
43.57262103505843,139.83076771431453,94.83972048932404,0.8,97.88153740002016,153.813844485746,209.74615157147178
43.672787979966614,153.7847733752925,129.3672077224354,0.8,107.64934136270475,169.16325071282176,230.67716006293875
43.772954924874796,142.60913300427336,85.0671436136455,0.8,99.82639310299135,156.8700463047007,213.91369950641004
43.87312186978297,142.3094073961265,107.20512139451289,0.8,99.61658517728854,156.54034813573915,213.46411109418972
43.97328881469115,149.2319018008647,82.67759310993273,0.8,104.46233126060528,164.1550919809512,223.84785270129706
44.073455759599334,147.56202289213257,101.2247468966892,0.8,103.2934160244928,162.31822518134584,221.34303433819886
44.173622704507515,139.2968200717452,86.25604200168259,0.8,97.50777405022164,153.22650207891974,208.94523010761782
44.2737896494157,120.99754811977482,68.2092445935753,0.8,84.69828368384236,133.09730293175232,181.49632217966223
44.37395659432387,121.28382615354931,118.17522834074258,0.8,84.89867830748452,133.41220876890426,181.92573923032398
44.47412353923205,104.63750451201072,67.50106389064946,0.8187814720375931,73.2462531584075,115.1012549632118,156.9562567680161
44.574290484140235,103.49581237151087,96.46698937274022,0.8256590592941473,72.4470686600576,113.84539360866196,155.2437185572663
44.67445742904842,91.01104120378126,127.52179806396109,0.8477485501406026,63.70772884264688,100.1121453241594,136.5165618056719
44.7746243739566,73.96938535074597,179.89115373409155,0.8831822309773278,51.77856974552218,81.36632388582056,110.95407802611895
44.87479131886477,66.37672778064196,118.55361188968442,0.8844766313826725,46.463709446449364,73.01440055870616,99.56509167096294
44.974958263772955,54.93948988474385,119.8274378347968,0.9120181759647894,38.45764291932069,60.433438873218236,82.40923482711577
45.075125208681136,52.349987939291296,134.88919853216825,0.9080684064717475,36.64499155750391,57.58498673322043,78.52498190893695
45.17529215358932,51.04203504224586,107.02542740021644,0.9556637466411325,35.7294245295721,56.14623854647045,76.56305256336879
45.2754590984975,36.07956981249913,146.15929355078205,0.960049119274014,25.25569886874939,39.68752679374904,54.119354718748696
45.375626043405674,39.31951401883217,161.24155759869413,0.9839025091133217,27.52365981318252,43.25146542071539,58.97927102824826
45.475792988313856,30.86463218681262,140.1956718495767,0.9763517967571143,21.605242530768834,33.95109540549389,46.29694828021893
45.57595993322204,27.053890814555842,164.09508077829068,0.9566669877522601,18.93772357018909,29.759279896011428,40.58083622183376
45.67612687813022,28.62944105325036,155.46791576107898,0.9783573128955597,20.04060873727525,31.4923851585754,42.94416157987554
45.7762938230384,19.82378838790313,147.41263373440103,0.970819912377782,13.87665187153219,21.806167226693443,29.735682581854693
45.876460767946575,22.23175347326409,141.97928406977627,0.995780375070531,15.56222743128486,24.4549288205905,33.34763020989613
45.97662771285476,19.010610537055758,128.57618342785292,0.9689885971202242,13.30742737593903,20.911671590761337,28.51591580558364
46.07679465776294,34.82362566458195,141.2301588624217,0.968508451157602,24.376537965207362,38.305988231040146,52.235438496872916
46.17696160267112,25.176317759858645,158.8902426841293,0.9639018854630331,17.62342243190105,27.69394953584451,37.764476639787965
46.2771285475793,21.50137246003707,168.54343654896388,0.97511620178737,15.050960722025948,23.65150970604078,32.252058690055605
46.37729549248748,26.06989955367111,164.23421696190505,0.9731052217521643,18.248929687569778,28.676889509038222,39.10484933050667
46.47746243739566,24.43835975154585,114.3731016336372,0.9673835089416073,17.106851826082092,26.882195726700438,36.657539627318776
46.57762938230384,23.895152002333884,146.1902055257896,0.9998980910424352,16.726606401633717,26.284667202567274,35.842728003500824
46.67779632721202,28.070833500217127,140.33322321195797,0.9852988069638664,19.649583450151987,30.877916850238844,42.10625025032569
46.7779632721202,28.787538550236526,152.66732631171257,0.9841223453985671,20.151276985165566,31.666292405260183,43.18130782535479
46.878130217028385,22.34749426194736,122.28933354170283,0.9958916441924792,15.643245983363151,24.5822436881421,33.52124139292104
46.97829716193656,22.1209087967766,187.52955346132984,0.9825625779204293,15.48463615774362,24.33299967645426,33.1813631951649
47.07846410684474,23.62474151424178,141.72782455664077,0.9725131979849486,16.537319059969246,25.98721566566596,35.43711227136267
47.17863105175292,13.490394176322075,144.8433484722959,0.9629979025748234,9.443275923425452,14.839433593954285,20.235591264483112
47.278797996661105,17.42404468900724,171.09883871147753,0.971949426076566,12.196831282305066,19.166449157907966,26.13606703351086
47.378964941569286,31.834371337222624,157.17324047302057,0.9950541560050846,22.284059936055836,35.01780847094489,47.75155700583394
47.47913188647746,33.22483856750642,140.58502921964566,0.9674466388431384,23.25738699725449,36.54732242425706,49.83725785125962
47.57929883138564,23.75481980221811,167.45457423985025,0.9835312723799787,16.628373861552674,26.130301782439922,35.63222970332716
47.679465776293824,27.882784815278832,155.7626418348201,0.9903392514308555,19.51794937069518,30.671063296806718,41.82417722291825
47.779632721202006,26.556250772717682,147.27041852077068,0.9828534484044325,18.589375540902378,29.211875849989454,39.83437615907653
47.87979966611019,40.39440404227619,128.04858952617747,0.9839898332879058,28.27608282959333,44.43384444650382,60.59160606341429
47.97996661101836,30.597874557172883,89.17858168180025,0.9865560391287342,21.418512190021016,33.65766201289017,45.89681183575932
48.080133555926544,24.360412042596167,135.53495560265074,0.9837928087182265,17.052288429817317,26.796453246855787,36.54061806389425
48.180300500834726,20.22229779699787,123.72994489822344,0.9960907417247328,14.15560845789851,22.24452757669766,30.333446695496807
48.28046744574291,16.96776839871214,183.95390354987615,0.9695970827177238,11.877437879098496,18.664545238583354,25.451652598068208
48.38063439065109,26.017318179336115,155.85901246712723,0.9824042487683878,18.21212272553528,28.61904999726973,39.02597726900417
48.48080133555926,21.218246273578483,137.81053810634262,0.9618175956600286,14.852772391504937,23.340070900936333,31.827369410367723
48.580968280467445,17.88873145201163,160.02799215897568,0.9592625381281346,12.52211201640814,19.677604597212795,26.833097178017447
48.68113522537563,21.767135578787368,155.39345969453424,0.9791832896914802,15.236994905151157,23.943849136666106,32.650703368181055
48.78130217028381,19.592259981928024,131.30153603100163,0.9854337956894476,13.714581987349616,21.551485980120827,29.388389972892035
48.88146911519199,33.43570817536282,151.7858787575784,0.9963066777723756,23.404995722753974,36.7792789928991,50.15356226304423
48.981636060100165,29.408198784747253,156.4106544391626,1.0,20.585739149323075,32.34901866322198,44.11229817712088
49.08180300500835,24.960136793416915,143.46840857444494,0.9931986067066548,17.472095755391837,27.45615047275861,37.44020519012537
49.18196994991653,32.39972069445013,134.2870419366064,0.9872716574439803,22.679804486115092,35.63969276389515,48.599581041675194
49.28213689482471,25.38684153823809,177.82911862637732,0.9815996485577382,17.77078907676666,27.925525692061903,38.08026230735714
49.38230383973289,20.69357899335868,150.45677779310608,0.9646877193681662,14.485505295351075,22.76293689269455,31.04036849003802
49.482470784641066,32.61562038634828,133.2560524999984,0.978539633942582,22.830934270443798,35.87718242498311,48.923430579522424
49.58263772954925,27.694550218423295,149.0023778994935,0.9929037675125822,19.386185152896307,30.464005240265628,41.54182532763494
49.68280467445743,19.81376922836772,135.82097860260583,0.9889828185602804,13.869638459857402,21.79514615120449,29.720653842551577
49.78297161936561,24.04830660958196,146.9599871958101,0.9671366585331705,16.833814626707372,26.453137270540157,36.07245991437294
49.88313856427379,20.621908733076214,159.14049657614677,0.9861402564725847,14.43533611315335,22.68409960638384,30.932863099614323
49.983305509181974,18.086001345178317,152.8638757955191,0.9852839281186772,12.660200941624822,19.89460147969615,27.129002017767476
50.08347245409015,29.630887737658206,198.05615556313361,0.9834989012011474,20.741621416360744,32.59397651142403,44.446331606487306
50.18363939899833,34.54708320235065,152.87847423327247,0.9797214444462267,24.18295824164545,38.00179152258572,51.82062480352597
50.28380634390651,18.007162130904295,146.17508413147627,0.9866558396694419,12.605013491633006,19.807878343994727,27.010743196356444
50.383973288814694,27.814846183452854,135.93871581962847,0.9869731303891239,19.470392328416995,30.596330801798143,41.72226927517928
50.484140233722876,21.746787154390866,150.73028163342363,0.973585412345686,15.222751008073605,23.921465869829955,32.6201807315863
50.58430717863105,22.56437308117652,130.81940199277756,0.984550140613821,15.795061156823563,24.820810389294174,33.84655962176478
50.68447412353923,22.038030378805654,100.88772507278827,0.9781060485925278,15.426621265163957,24.241833416686223,33.05704556820848
50.784641068447414,20.68004615160092,161.18269255220423,0.9651276613225376,14.476032306120642,22.748050766761015,31.02006922740138
50.884808013355595,25.242608139724133,143.5935382804446,0.9743839296496184,17.669825697806893,27.766868953696548,37.8639122095862
50.98497495826378,20.84524941794481,126.75222777692652,0.9643631031465457,14.591674592561366,22.929774359739294,31.267874126917214
51.08514190317195,26.352284128899193,176.62274636937659,0.989800935350701,18.446598890229435,28.987512541789116,39.52842619334879
51.18530884808013,24.748809452754315,156.14717668472036,0.9835588937755432,17.324166616928018,27.22369039802975,37.12321417913147
51.285475792988315,23.80525976566795,119.33236056314843,0.9764450938879405,16.663681835967566,26.18578574223475,35.707889648501926
51.3856427378965,20.46218168979201,149.64624998152829,0.9942052134328865,14.323527182854408,22.508399858771213,30.693272534688017
51.48580968280468,22.116143347158335,164.19341334810002,0.9806799090758116,15.481300343010833,24.32775768187417,33.174215020737506
51.58597662771285,28.77695612912878,153.91331378304295,0.9656877724403312,20.143869290390146,31.65465174204166,43.16543419369317
51.686143572621035,27.504585938121902,158.92793720254372,0.9756052145981619,19.25321015668533,30.255044531934097,41.25687890718285
51.786310517529216,22.527663937544794,107.26903571705019,0.9914976615496578,15.769364756281355,24.780430331299275,33.791495906317195
51.8864774624374,29.310472470590376,120.40279582475513,0.9656776218622201,20.517330729413263,32.24151971764942,43.96570870588556
51.98664440734558,34.614270375554966,162.45632589876996,0.9710375433701862,24.229989262888473,38.07569741311047,51.92140556333245
52.086811352253754,25.40319290248246,98.10657505950526,0.9699383276289677,17.78223503173772,27.943512192730708,38.10478935372369
52.186978297161936,40.43178553999124,161.71147599712467,0.9604695156893663,28.302249877993866,44.474964093990366,60.64767830998686
52.28714524207012,39.658646780393966,129.7624427104503,0.9685510668393346,27.761052746275773,43.62451145843337,59.48797017059095
52.3873121869783,52.56133850972352,144.52692037569273,0.9188202770972518,36.792936956806464,57.817472360695874,78.84200776458528
52.48747913188648,54.22633226946972,120.83408200582018,0.9031501130903072,37.9584325886288,59.6489654964167,81.33949840420459
52.587646076794655,58.9572818396783,152.9918955545468,0.8824390708429769,41.27009728777481,64.85301002364614,88.43592275951745
52.68781302170284,71.24620026658008,168.90010122241148,0.8682729908778394,49.87234018660605,78.37082029323808,106.86930039987011
52.78797996661102,92.1726697938488,128.2690412486579,0.8571292837607407,64.52086885569416,101.38993677323369,138.2590046907732
52.8881469115192,106.42551314170461,123.11522616008227,0.8094288529358404,74.49785919919323,117.06806445587509,159.6382697125569
52.98831385642738,113.78221080057394,88.05732603518832,0.8045260172072474,79.64754756040175,125.16043188063134,170.6733162008609
53.088480801335564,133.87429224192263,76.95907720421548,0.8,93.71200456934584,147.26172146611492,200.81143836288396
53.18864774624374,133.1251735390482,85.11385682896258,0.8,93.18762147733374,146.43769089295304,199.6877603085723
53.28881469115192,149.44536149376222,64.7030158014594,0.8,104.61175304563355,164.38989764313845,224.16804224064333
53.3889816360601,149.0107483055679,69.16183326118257,0.8,104.30752381389752,163.9118231361247,223.51612245835184
53.48914858096828,153.61938379669857,92.04769822895274,0.8,107.53356865768899,168.98132217636845,230.42907569504786
53.589315525876465,155.30282266096225,103.55359237920938,0.8,108.71197586267357,170.83310492705849,232.95423399144337
53.68948247078464,145.47369366057904,71.57003466459345,0.8,101.83158556240532,160.02106302663697,218.21054049086857
53.78964941569282,139.5099961292439,93.5553547825804,0.8,97.65699729047071,153.46099574216828,209.26499419386585
53.889816360601,135.71279399410798,122.34238974752182,0.8,94.99895579587559,149.28407339351878,203.56919099116197
53.989983305509185,115.41933457848023,113.34585770560341,0.8,80.79353420493615,126.96126803632826,173.12900186772035
54.090150250417366,109.30536119342293,76.81526493000095,0.8362616614257279,76.51375283539605,120.23589731276523,163.9580417901344
54.19031719532554,86.2837107872538,112.88957632045259,0.8648746840892165,60.39859755107765,94.91208186597919,129.4255661808807
54.29048414023372,82.0329333455723,138.5205587851183,0.8680881149724723,57.423053341900605,90.23622668012955,123.04940001835845
54.390651085141904,75.18953544629039,141.33517288377485,0.9036194996110483,52.63267481240327,82.70848899091943,112.78430316943559
54.490818030050086,45.684405551545865,146.02620114119122,0.9278142975645135,31.979083886082105,50.25284610670045,68.5266083273188
54.59098497495827,45.72386888940534,145.3017106711743,0.9155125904347007,32.00670822258373,50.29625577834587,68.58580333410801
54.69115191986644,45.8571262110259,130.4942035415974,0.9389323979781566,32.09998834771813,50.442838832128494,68.78568931653885
54.791318864774624,36.699757647876595,128.47050042061736,0.9767702181880495,25.689830353513614,40.36973341266426,55.04963647181489
54.891485809682806,35.605948674945864,161.54241307917223,0.9594892002826123,24.924164072462105,39.16654354244045,53.408923012418796
54.99165275459099,27.837408825116917,153.92431949349879,0.938995816835597,19.48618617758184,30.62114970762861,41.75611323767538
55.09181969949917,29.246759880808746,184.2099587355808,0.9711627600092443,20.472731916566122,32.171435868889624,43.870139821213115
55.19198664440734,24.221613823039604,127.3287772790876,0.9912462549911586,16.955129676127722,26.643775205343566,36.332420734559406
55.292153589315525,30.838910308299035,141.700620016588,0.980065104368009,21.587237215809324,33.92280133912894,46.25836546244855
55.39232053422371,26.272104216506065,170.45553314975223,0.9871536394680063,18.390472951554244,28.899314638156675,39.4081563247591
55.49248747913189,26.68801331037601,125.83868262169744,0.9893822199765573,18.681609317263206,29.356814641413614,40.03201996556402
55.59265442404007,26.91789664892915,174.38556211472437,0.9684960625265943,18.842527654250404,29.609686313822067,40.37684497339373
55.692821368948245,30.486324004547868,181.13311913926847,0.9589573598860355,21.340426803183504,33.53495640500266,45.7294860068218
55.792988313856426,37.52065877242912,206.13842554555234,0.9521675103364882,26.264461140700384,41.272724649672035,56.28098815864368
55.89315525876461,52.275658246621916,140.0499109102633,0.931170994159838,36.59296077263534,57.50322407128411,78.41348736993288
55.99332220367279,63.44743868288842,127.53613728356511,0.8994360460244902,44.41320707802189,69.79218255117726,95.17115802433263
56.09348914858097,86.89104040482846,125.05333659933518,0.8600672329861319,60.823728283379914,95.58014444531132,130.3365606072427
56.19365609348915,119.15895380049504,119.38325064426397,0.8049506390392569,83.41126766034652,131.07484918054456,178.73843070074255
56.29382303839733,137.361522102158,99.64613953490881,0.8,96.1530654715106,151.0976743123738,206.042283153237
56.39398998330551,152.8583387979625,93.68510444473763,0.8,107.00083715857373,168.14417267775875,229.28750819694375
56.49415692821369,175.38412952570815,88.13027082041688,0.8,122.76889066799569,192.92254247827898,263.0761942885622
56.59432387312187,172.67207315066335,91.35012536580025,0.8,120.87045120546433,189.9392804657297,259.00810972599504
56.694490818030054,159.18743723899914,62.67304565670433,0.8,111.43120606729939,175.10618096289906,238.78115585849872
56.79465776293823,149.44802490421466,73.10799760702179,0.8,104.61361743295026,164.39282739463613,224.172037356322
56.89482470784641,123.65193897987028,144.98272202160175,0.8,86.55635728590919,136.0171328778573,185.4779084698054
56.99499165275459,107.02438238706131,101.4801624646068,0.811767275000893,74.91706767094291,117.72682062576744,160.53657358059195
57.095158597662774,85.53425801629415,112.13961936548232,0.8608063930538591,59.8739806114059,94.08768381792356,128.30138702444123
57.195325542570956,73.93454764836615,163.07129129448617,0.8948881847511898,51.7541833538563,81.32800241320277,110.90182147254922
57.29549248747913,51.93803440355124,148.78447044663443,0.909461016696433,36.356624082485865,57.13183784390637,77.90705160532687
57.39565943238731,38.58794706748291,132.84293813260706,0.930129617361321,27.011562947238033,42.4467417742312,57.881920601224365
57.495826377295494,37.07138303082778,150.3332811502574,0.9700473852170995,25.949968121579445,40.77852133391056,55.60707454624168
57.595993322203675,20.311220876741025,124.99809456708748,0.969935325921333,14.217854613718716,22.34234296441513,30.466831315111538
57.69616026711186,29.403651213065466,152.47313616329953,0.9779354652184655,20.582555849145823,32.344016334372014,44.105476819598195
57.79632721202003,46.59012128105193,143.9041087431248,0.9458731377973949,32.613084896736346,51.249133409157125,69.8851819215779
57.89649415692821,30.042569518123948,174.90677189736644,0.9572746725396888,21.029798662686762,33.04682646993634,45.063854277185925
57.996661101836395,39.03482935718362,143.48867710067134,0.97305811545389,27.324380550028533,42.93831229290198,58.55224403577543
58.09682804674458,31.99660449130122,145.9320818698148,0.9738379488163558,22.397623143910852,35.19626494043134,47.99490673695183
58.19699499165276,26.150205500994247,147.71305103608864,0.9839558033620646,18.30514385069597,28.765226051093673,39.22530825149137
58.29716193656093,30.036015744195335,145.68129642938166,0.9779704055849381,21.025211020936734,33.03961731861487,45.054023616293
58.397328881469114,36.35346428902198,158.57371726424913,0.9769961825948023,25.447425002315384,39.98881071792418,54.530196433532964
58.497495826377296,25.909331275292477,193.1795801909644,0.9819420286215624,18.13653189270473,28.500264402821728,38.86399691293872
58.59766277128548,26.24110293150168,142.79576865078,0.971638221185127,18.368772052051174,28.86521322465185,39.36165439725252
58.69782971619366,22.70319550229878,152.36378528908253,0.9762015307108809,15.892236851609145,24.973515052528658,34.05479325344817
58.797996661101834,20.75077815267604,169.03978867803073,0.9817757130864003,14.525544706873228,22.825855967943646,31.12616722901406
58.898163606010016,29.151679082721227,193.0698460166173,0.9816431833190101,20.406175357904857,32.066846990993355,43.72751862408184
58.9983305509182,20.719580870455665,125.91007560582173,0.9789358111999701,14.503706609318964,22.791538957501235,31.079371305683498
59.09849749582638,25.357831186096963,167.501953005649,0.9661181528982579,17.750481830267873,27.893614304706663,38.036746779145446
59.19866444073456,22.611712766174417,153.46728812772866,0.9863640954642071,15.82819893632209,24.87288404279186,33.917569149261624
59.29883138564274,27.39489912873196,154.35709341168405,0.9883422840659954,19.17642939011237,30.13438904160516,41.09234869309794
59.39899833055092,26.66831052643474,146.4217996799167,0.9964369049525224,18.667817368504316,29.33514157907822,40.00246578965211
59.4991652754591,30.187699721289498,111.60138269971573,0.9844177599658873,21.131389804902646,33.20646969341845,45.28154958193424
59.59933222036728,22.449918005726264,171.87016641451714,0.9800146183419148,15.714942604008383,24.69490980629889,33.6748770085894
59.69949916527546,23.650625323533145,145.85148160157513,0.9698697049038985,16.5554377264732,26.015687855886462,35.475937985299716
59.799666110183644,20.106181421088465,129.0243359924062,0.9949201786936105,14.074326994761924,22.116799563197315,30.159272131632697
59.89983305509182,22.77853369961944,137.446944908187,0.9824783297687402,15.944973589733607,25.056387069581387,34.16780054942916
60.0,26.88650246522426,127.54982212146331,0.9819337317382546,18.82055172565698,29.57515271174669,40.329753697836395
